Name,Email,Phone_Number,Company,Title
Fernando Myers,FernandoMyers@testemail.com,4074627289,Martin-Gates,"Nurse, children's"
Danielle Sheppard,DanielleSheppard@testemail.com,001-580-334-4312,Brown PLC,Counsellor
Christian Castillo,ChristianCastillo@testemail.com,218.549.2269x012,Brown-Hawkins,Legal secretary
Christopher Miller,ChristopherMiller@testemail.com,+1-967-239-0327x53614,Nunez and Sons,Quantity surveyor
Larry Mata,LarryMata@testemail.com,001-773-633-6096,Anderson-Morris,Systems analyst
Jared Barnes,JaredBarnes@testemail.com,-4840,Harris-Chapman,Dispensing optician
Anne Jones,AnneJones@testemail.com,001-929-348-2807x08421,Cervantes,Energy manager
Brandon Bradshaw,BrandonBradshaw@testemail.com,001-060-973-6282x713,Cervantes,"Psychotherapist, child"
Gloria Pitts,GloriaPitts@testemail.com,001-375-292-2149x505,Galvan PLC,Insurance risk surveyor
Tyler Norton,TylerNorton@testemail.com,356.177.9987x5103,Ramos-Montgomery,Physiological scientist
Robert Reynolds,RobertReynolds@testemail.com,4897886678,Montgomery-Brady,Ecologist
Madison Carson PhD,MadisonCarsonPhD@testemail.com,001-927-289-7049x277,Kelly Inc,Orthoptist
Jason Lewis,JasonLewis@testemail.com,(287)381-3185x5516,Henderson-Silva,Physiotherapist
Brandi Collins,BrandiCollins@testemail.com,001-469-099-6781x8044,Clark Inc,Operational researcher
Phillip Hayden,PhillipHayden@testemail.com,+1-833-399-2550x7373,Potter LLC,Marketing executive
Heather Sherman,HeatherSherman@testemail.com,(368)415-8949x471,Fisher-Stevenson,Legal executive
Aaron Nguyen,AaronNguyen@testemail.com,001-252-254-3184,Martinez PLC,Sport and exercise psychologist
Dominique Orozco,DominiqueOrozco@testemail.com,(068)427-9725x3731,Saunders-Nichols,Medical physicist
Robert King,RobertKing@testemail.com,(745)609-1034,"Johnson, Jones and Shah",Investment analyst
Courtney Stone,CourtneyStone@testemail.com,2830623027,Torres Ltd,Accommodation manager
William Smith,WilliamSmith@testemail.com,001-462-254-0785x76363,Allen LLC,Emergency planning/management officer
Terry Waters,TerryWaters@testemail.com,(565)418-2061x8457,Johnson PLC,Clinical molecular geneticist
Peter Dennis,PeterDennis@testemail.com,488-785-5557x797,"Bell, Dean and Oneill",Economist
Christian Lawrence,ChristianLawrence@testemail.com,+1-496-912-9794x446,Cervantes,Hydrogeologist
Jill Grimes,JillGrimes@testemail.com,(861)290-5117,Hunt-Reed,"Engineer, water"
Taylor Perez,TaylorPerez@testemail.com,8524136612,Hammond Inc,Medical physicist
Tammy Johnson,TammyJohnson@testemail.com,980.767.6966x8592,"Cooper, Chan and Banks",Special educational needs teacher
Manuel Hurst,ManuelHurst@testemail.com,001-535-741-6968,Morse Group,Risk analyst
Kendra Floyd,KendraFloyd@testemail.com,001-952-629-3050x82936,Montes-Barnes,Television floor manager
Ashley Montgomery,AshleyMontgomery@testemail.com,833-777-9203x04459,Medina-Davis,Manufacturing engineer
Christina Wilson,ChristinaWilson@testemail.com,+1-822-575-7758x435,Martinez PLC,Higher education careers adviser
Derek Kennedy,DerekKennedy@testemail.com,+1-517-619-7144x0175,Smith PLC,"Scientist, physiological"
Nathan Melendez,NathanMelendez@testemail.com,099.158.0469x548,Nunez and Sons,Logistics and distribution manager
Dustin Wilson,DustinWilson@testemail.com,+1-806-461-3181x794,Potter LLC,"Teacher, special educational needs"
Melissa Eaton,MelissaEaton@testemail.com,001-556-360-2823x4101,Guerra-Garcia,Electrical engineer
Mr. Jay Harris,Mr.JayHarris@testemail.com,290-058-6056x83869,Warren Ltd,"Editor, commissioning"
Stephanie George,StephanieGeorge@testemail.com,001-879-607-9669x145,"Russo, Moran and Hoffman",Mudlogger
Jennifer Harris,JenniferHarris@testemail.com,773-558-7869x37987,Olson-Sanders,"Editor, film/video"
Patrick Ford,PatrickFord@testemail.com,298-891-2620x829,"Bowen, Williams and Howard",Dramatherapist
Chelsea Holland,ChelseaHolland@testemail.com,001-253-295-7662x52674,Rogers PLC,Commercial art gallery manager
Leslie Chase,LeslieChase@testemail.com,590.338.0098,Torres Ltd,Recycling officer
Daniel Hernandez,DanielHernandez@testemail.com,962.578.1972x417,Glover-Rivera,Museum/gallery conservator
Christine Ayers,ChristineAyers@testemail.com,996-166-3931x1226,Potter LLC,Pension scheme manager
Sonia Stevens,SoniaStevens@testemail.com,-1875,Galvan PLC,Physiotherapist
Mary Rogers,MaryRogers@testemail.com,001-079-532-8582x71982,Nelson and Sons,Building services engineer
Anthony Wilson,AnthonyWilson@testemail.com,(419)930-7245,"Russo, Moran and Hoffman","Therapist, nutritional"
Michael Greene,MichaelGreene@testemail.com,752.370.8935x112,Glover-Rivera,Clothing/textile technologist
Thomas Lawson,ThomasLawson@testemail.com,001-824-402-4761x210,King and Sons,"Psychotherapist, dance movement"
Adam Alexander,AdamAlexander@testemail.com,883.259.0262x1159,"Riley, Edwards and Calderon",Office manager
Stephanie Hobbs,StephanieHobbs@testemail.com,217.172.2657,"Miller, Hoover and Erickson",Quality manager
Carlos Roman,CarlosRoman@testemail.com,001-521-551-1267x636,Hernandez-Woods,Publishing rights manager
Katelyn Williams,KatelynWilliams@testemail.com,+1-138-834-1320x03116,"Moore, Warren and Morris",Data processing manager
Eric Hunt,EricHunt@testemail.com,226.644.1154x658,Adams LLC,"Social research officer, government"
Tyrone Hernandez DDS,TyroneHernandezDDS@testemail.com,(539)832-5657,Rogers PLC,"Buyer, industrial"
Joseph Jones,JosephJones@testemail.com,129-505-4345x88928,Hernandez-Woods,Volunteer coordinator
Anthony Pierce,AnthonyPierce@testemail.com,(881)202-2981x829,Medina-Davis,Maintenance engineer
Nicole Martinez,NicoleMartinez@testemail.com,-8347,Ortiz-Pham,Commissioning editor
Toni Ayala,ToniAyala@testemail.com,2525946347,Fisher-Stevenson,Illustrator
Wyatt Berry,WyattBerry@testemail.com,806-971-3893x8400,"Bowen, Williams and Howard","Scientist, product/process development"
Eileen Park,EileenPark@testemail.com,648-615-4205,"Ellis, Smith and Johnson",Restaurant manager
Heather Gutierrez,HeatherGutierrez@testemail.com,919-914-5138,Nunez and Sons,Broadcast presenter
Colton Jones,ColtonJones@testemail.com,+1-585-888-9041x9879,Fernandez-Martin,Tour manager
Darin Martinez,DarinMartinez@testemail.com,+1-305-723-3707x1280,"Jones, Riddle and Stark",Tax adviser
Tina Mccarthy,TinaMccarthy@testemail.com,(420)410-7339x69201,"Baker, Mcdaniel and Cruz",Special educational needs teacher
Troy Brewer,TroyBrewer@testemail.com,+1-795-915-0440x674,"Miller, Hoover and Erickson",Health visitor
Brian Diaz,BrianDiaz@testemail.com,474.165.6922x534,Walker-Stephens,Fish farm manager
Taylor Gibson,TaylorGibson@testemail.com,-3305,King and Sons,"Psychologist, clinical"
James Sexton,JamesSexton@testemail.com,+1-641-011-3489x00275,Brown PLC,"Production designer, theatre/television/film"
Eric Farley,EricFarley@testemail.com,(595)525-1865,Martinez PLC,Architectural technologist
Angelica Taylor,AngelicaTaylor@testemail.com,733.994.2455x32744,Young-Garcia,Fast food restaurant manager
Kendra Kelly,KendraKelly@testemail.com,435.679.0417,Martinez PLC,Retail buyer
Rebecca Turner,RebeccaTurner@testemail.com,(210)154-1048,Glover-Rivera,Copy
Eric Tucker,EricTucker@testemail.com,8115652807,Adams LLC,Comptroller
Christopher Rose,ChristopherRose@testemail.com,001-227-527-3583x0233,"Bass, Ortiz and Fitzpatrick",Warehouse manager
Christina Benson,ChristinaBenson@testemail.com,(757)979-8717x32637,Fisher-Stevenson,Building services engineer
Jeremy Flores,JeremyFlores@testemail.com,001-855-050-9518x9490,Martin-Gates,Musician
Jennifer Williams,JenniferWilliams@testemail.com,091-471-7860x435,Wiley Group,Financial planner
Brooke Lewis,BrookeLewis@testemail.com,8730052552,Fernandez-Martin,Software engineer
Nicole Noble,NicoleNoble@testemail.com,+1-917-357-7512x7157,"Lynch, Harris and Cook",Information systems manager
Susan Barker,SusanBarker@testemail.com,084-635-8215x5405,Wood-Jarvis,"Librarian, academic"
Justin Burgess,JustinBurgess@testemail.com,001-784-224-8870x3788,Gross-Kennedy,Financial manager
Phillip Hardy,PhillipHardy@testemail.com,+1-608-887-2128x7835,Morse Group,Health promotion specialist
Heidi Green,HeidiGreen@testemail.com,582-415-3453,Montes-Barnes,"Investment banker, operational"
Ricky Chan,RickyChan@testemail.com,817.972.0150,Adams LLC,Publishing copy
Candice Riley,CandiceRiley@testemail.com,+1-222-542-2462x81656,"Ellis, Smith and Johnson","Psychologist, forensic"
Heather Marsh,HeatherMarsh@testemail.com,+1-633-794-8543x5683,Adams LLC,Public affairs consultant
Natalie Baker,NatalieBaker@testemail.com,217.939.2801x586,Walker-Stephens,"Surveyor, quantity"
Mary Anderson,MaryAnderson@testemail.com,001-184-551-2580x42884,Fernandez-Martin,"Sales professional, IT"
Ryan Griffin,RyanGriffin@testemail.com,2995894426,Rogers PLC,Forensic psychologist
Janet Andrews,JanetAndrews@testemail.com,+1-523-800-3638x0149,Martinez PLC,Information systems manager
Andrew Snow,AndrewSnow@testemail.com,065-253-1065x705,"Moore, Warren and Morris","Editor, magazine features"
Paula Hurley,PaulaHurley@testemail.com,001-174-701-2469,Whitehead-Bell,Hotel manager
Kyle Sutton,KyleSutton@testemail.com,001-741-756-6134x4374,Wiley Group,Pension scheme manager
Jeffrey Flores,JeffreyFlores@testemail.com,+1-881-226-6112x069,Potter LLC,"Therapist, drama"
Cindy Cook,CindyCook@testemail.com,340.748.9275x61653,Allen LLC,Microbiologist
Linda Jones,LindaJones@testemail.com,(324)763-8137x597,Medina-Davis,Armed forces technical officer
Leslie Hammond,LeslieHammond@testemail.com,+1-536-807-2417x113,"Johnson, Jones and Shah",Arboriculturist
Elizabeth Wheeler,ElizabethWheeler@testemail.com,125-468-8380x1850,"Bass, Ortiz and Fitzpatrick",Meteorologist
Keith Walters,KeithWalters@testemail.com,8642602661,Walker-Stephens,Local government officer
Sarah Stafford,SarahStafford@testemail.com,(560)639-3355x6106,Martinez PLC,Chief Strategy Officer
Molly Hill,MollyHill@testemail.com,001-577-037-0918,Campos Group,Community education officer
Aaron Weaver,AaronWeaver@testemail.com,396.207.2118x264,"Russo, Moran and Hoffman",Planning and development surveyor
Christopher Daniel,ChristopherDaniel@testemail.com,398.247.7670x92992,Smith PLC,"Education officer, museum"
Dr. Jenna Crawford,Dr.JennaCrawford@testemail.com,5888628756,"Johnson, Jones and Shah",Dispensing optician
Thomas Drake,ThomasDrake@testemail.com,(731)445-5931,"Riley, Edwards and Calderon","Librarian, academic"
Taylor Cantu,TaylorCantu@testemail.com,001-581-755-8831x94245,Rogers PLC,Learning disability nurse
Alyssa Martin,AlyssaMartin@testemail.com,001-532-520-4079x881,Potter LLC,Equities trader
Gabriela Porter,GabrielaPorter@testemail.com,(616)364-4272,Morse Group,Barrister
Scott Armstrong,ScottArmstrong@testemail.com,(926)508-5973x803,Whitehead-Bell,Waste management officer
Melanie Flores,MelanieFlores@testemail.com,562.312.2054x59376,Brown PLC,"Engineer, aeronautical"
Diana Taylor,DianaTaylor@testemail.com,5985585337,Cooper-West,"Designer, industrial/product"
Keith Frazier,KeithFrazier@testemail.com,+1-166-184-9132x700,Cervantes,Actuary
Lauren Waters,LaurenWaters@testemail.com,+1-212-061-1946x4017,Duarte-Patterson,Corporate treasurer
Shannon Doyle,ShannonDoyle@testemail.com,599-728-9995,Flores-Reese,Careers information officer
Heather Chavez,HeatherChavez@testemail.com,299-296-1722x2785,Fox-Bradley,Geochemist
David Miller,DavidMiller@testemail.com,893-966-1781x035,Ortiz-Pham,Agricultural consultant
Jonathan Vasquez,JonathanVasquez@testemail.com,(433)851-6154,Rogers PLC,Fast food restaurant manager
Jessica Petersen,JessicaPetersen@testemail.com,001-528-171-2913,Duarte-Patterson,Midwife
Roger Wolfe,RogerWolfe@testemail.com,5575997884,Perkins-Watkins,"Radiographer, diagnostic"
Raymond Edwards,RaymondEdwards@testemail.com,001-232-455-5703,Torres Ltd,Ship broker
Gregory Diaz,GregoryDiaz@testemail.com,+1-133-896-7115x8542,Henderson-Silva,"Engineer, civil (consulting)"
Nicole Mcclure,NicoleMcclure@testemail.com,(056)715-2601,"Lynch, Harris and Cook",Barista
Christopher Banks,ChristopherBanks@testemail.com,860.810.6842x842,Campos Group,Engineering geologist
Anthony Sparks,AnthonySparks@testemail.com,441.331.4615x139,"Bowen, Williams and Howard",Maintenance engineer
Ronald Petty,RonaldPetty@testemail.com,573.256.7016x56872,Williams LLC,Print production planner
Rebecca Turner,RebeccaTurner@testemail.com,(745)148-6492x60133,Nelson and Sons,Seismic interpreter
Angelica Smith,AngelicaSmith@testemail.com,(345)632-1924,Potter LLC,Insurance claims handler
Mr. Jason Gonzalez,Mr.JasonGonzalez@testemail.com,853.184.8768x721,King and Sons,"Merchandiser, retail"
Karen Jones,KarenJones@testemail.com,219.826.0686x41316,"Garcia, Lee and Williams",Agricultural engineer
Michael Bauer,MichaelBauer@testemail.com,(775)612-3871,Saunders-Nichols,Special effects artist
Sandra Leonard,SandraLeonard@testemail.com,262.418.7932x7007,"Bass, Ortiz and Fitzpatrick",Banker
Felicia Wright,FeliciaWright@testemail.com,(093)336-2429,Saunders-Nichols,Food technologist
Mr. Jason Blake PhD,Mr.JasonBlakePhD@testemail.com,+1-362-757-4608x72073,Henderson-Silva,Museum/gallery conservator
Christina Dalton,ChristinaDalton@testemail.com,9083914680,Cooper-West,Architectural technologist
Kimberly Hebert,KimberlyHebert@testemail.com,(509)082-5529x202,Fernandez-Martin,Production manager
Charles Wiggins,CharlesWiggins@testemail.com,6408175732,Rogers PLC,Barista
Christopher Garcia DVM,ChristopherGarciaDVM@testemail.com,4271986915,Campos Group,Chartered accountant
Michelle Salas,MichelleSalas@testemail.com,(590)058-5059x872,Montes-Barnes,Firefighter
Roger Ramirez,RogerRamirez@testemail.com,001-815-920-2451,Torres Ltd,Photographer
Reginald Holloway,ReginaldHolloway@testemail.com,-4062,Cervantes,Wellsite geologist
Dominic Petty,DominicPetty@testemail.com,+1-464-214-2576x09124,"Bowen, Williams and Howard",Fast food restaurant manager
Cindy Sellers,CindySellers@testemail.com,+1-126-997-4950x974,Weiss-Ortiz,"Designer, multimedia"
Michael Carroll,MichaelCarroll@testemail.com,066.911.1586,"Russo, Moran and Hoffman",Technical brewer
Chad Gilbert,ChadGilbert@testemail.com,(895)467-8823x254,Henderson-Silva,"Sound technician, broadcasting/film/video"
Jillian Collins,JillianCollins@testemail.com,312-703-5752,"Wagner, Bailey and Guzman",Furniture conservator/restorer
Amanda Gonzalez,AmandaGonzalez@testemail.com,(903)335-8122,"Powell, Mcmahon and Shaffer",Publishing rights manager
Amanda Dixon,AmandaDixon@testemail.com,830-558-3016x635,Adams LLC,"Geologist, wellsite"
John Welch,JohnWelch@testemail.com,(196)536-0825,Martinez PLC,Counselling psychologist
Karen Tyler,KarenTyler@testemail.com,5002918295,Walker-Stephens,Radio broadcast assistant
Teresa Thomas,TeresaThomas@testemail.com,194.025.3358x2407,Lopez-Kirby,Comptroller
Timothy Ruiz,TimothyRuiz@testemail.com,-4003,Medina-Davis,Psychiatric nurse
Antonio Salazar,AntonioSalazar@testemail.com,945.045.4275x4217,Johnson PLC,Public relations officer
Linda Marquez,LindaMarquez@testemail.com,+1-240-351-7317x06260,Whitehead-Bell,Banker
Angela Pugh,AngelaPugh@testemail.com,001-053-514-9571x7385,Flores-Reese,"Journalist, newspaper"
Laura Morales,LauraMorales@testemail.com,432.901.7663x4697,Montes-Barnes,"Designer, fashion/clothing"
Maria Lamb,MariaLamb@testemail.com,029.301.5015x64691,Gross-Kennedy,"Engineer, manufacturing"
Michele Greer,MicheleGreer@testemail.com,+1-341-188-6380x1999,Preston Group,"Copywriter, advertising"
Paul Richardson,PaulRichardson@testemail.com,+1-248-388-5017x88227,Manning Inc,Web designer
Randy Adams,RandyAdams@testemail.com,631.378.4594,Martinez PLC,Publishing copy
Sheila Peterson,SheilaPeterson@testemail.com,+1-838-377-4318x83609,Myers-Dawson,Tax adviser
Natalie Rivers,NatalieRivers@testemail.com,015.438.3344x523,"Boyd, Alexander and Walker","Engineer, agricultural"
Ashley Smith,AshleySmith@testemail.com,559-535-6384x2710,"Riley, Edwards and Calderon",Quarry manager
Kathy Rose,KathyRose@testemail.com,+1-745-399-6611x046,"Bell, Dean and Oneill",Insurance account manager
Donna Travis,DonnaTravis@testemail.com,+1-160-707-8268x239,Hernandez-Woods,Associate Professor
Kenneth Hoover,KennethHoover@testemail.com,001-518-338-8319x38378,Henderson-Silva,Metallurgist
Larry Irwin,LarryIrwin@testemail.com,(304)152-3796x45693,Potter LLC,"Lecturer, higher education"
Christopher Livingston PhD,ChristopherLivingstonPhD@testemail.com,(654)904-8006,Adams LLC,Geophysical data processor
John Rodriguez,JohnRodriguez@testemail.com,541-752-0648x43158,Nunez and Sons,Multimedia specialist
Elizabeth Pollard,ElizabethPollard@testemail.com,-1846,Hammond Inc,Glass blower/designer
Mrs. Natasha Best,Mrs.NatashaBest@testemail.com,-6679,Smith PLC,"Restaurant manager, fast food"
Lindsey Gonzales,LindseyGonzales@testemail.com,239.687.9944x58774,"Barnes, Whitehead and Gray",Contractor
Michael Skinner,MichaelSkinner@testemail.com,221-777-7189,Harris-Becker,Actor
Brooke Rodriguez,BrookeRodriguez@testemail.com,001-214-652-0067x2499,Potter LLC,Ambulance person
Jessica Barnes,JessicaBarnes@testemail.com,(373)774-3025,"Brown, Woodward and Sexton","Surveyor, mining"
Samuel Heath,SamuelHeath@testemail.com,+1-008-448-7625x154,Medina-Davis,"Programme researcher, broadcasting/film/video"
Jordan Ho,JordanHo@testemail.com,-9084,"Sawyer, Powers and Parrish",Architect
Jason Miller,JasonMiller@testemail.com,001-574-456-8575,Nelson and Sons,"Teacher, music"
Bonnie Anderson,BonnieAnderson@testemail.com,730.183.5107x0308,Preston Group,"Buyer, retail"
Jimmy Adams,JimmyAdams@testemail.com,471-182-8806,Ramos-Montgomery,"Development worker, international aid"
Elizabeth Fox,ElizabethFox@testemail.com,494-962-2695x658,Warren Ltd,Special educational needs teacher
Katie Clark,KatieClark@testemail.com,001-161-706-1144x3300,"Baker, Mcdaniel and Cruz",Colour technologist
Hayley Robinson,HayleyRobinson@testemail.com,001-829-242-9351,"Powell, Mcmahon and Shaffer","Production assistant, television"
Robert Sampson,RobertSampson@testemail.com,(998)746-5964x433,Ortiz-Pham,Sub
Amanda Alexander,AmandaAlexander@testemail.com,-6309,Potter LLC,Horticultural consultant
Gregory Johnson,GregoryJohnson@testemail.com,001-943-336-2033x7112,Guerra-Garcia,Mining engineer
Amy Wright,AmyWright@testemail.com,001-392-290-0426,Weiss-Ortiz,"Scientist, clinical (histocompatibility and immunogenetics)"
Samuel Hunter,SamuelHunter@testemail.com,001-236-675-7509x29779,"Bowen, Williams and Howard",Interior and spatial designer
Thomas Davis Jr.,ThomasDavisJr.@testemail.com,001-383-647-5882,Fisher-Stevenson,"Engineer, chemical"
Kevin Buchanan,KevinBuchanan@testemail.com,-2157,Potter LLC,Chief Executive Officer
Ms. Cindy Juarez MD,Ms.CindyJuarezMD@testemail.com,(918)834-6870,"Barnes, Whitehead and Gray",Forensic psychologist
Erin Williams,ErinWilliams@testemail.com,(609)685-5115x9990,Guerra-Garcia,"Engineer, civil (consulting)"
Crystal Hunt,CrystalHunt@testemail.com,001-930-113-2241x7905,Gross-Kennedy,Pensions consultant
Alyssa Lang,AlyssaLang@testemail.com,046-437-4078x770,"Brown, Woodward and Sexton",Advice worker
Emily Thomas,EmilyThomas@testemail.com,7464553733,King and Sons,"Lighting technician, broadcasting/film/video"
Daniel Aguilar,DanielAguilar@testemail.com,399.196.7729x444,Fisher-Stevenson,Quarry manager
Sharon Hammond,SharonHammond@testemail.com,1250087637,Galvan PLC,Museum/gallery exhibitions officer
Heather Orozco,HeatherOrozco@testemail.com,(158)004-0720,"Wagner, Bailey and Guzman",Ophthalmologist
Kimberly Welch,KimberlyWelch@testemail.com,(569)878-2987x3660,Cervantes,"Geneticist, molecular"
Lisa Cross,LisaCross@testemail.com,9439663230,Morse Group,Television/film/video producer
Shawn Griffith,ShawnGriffith@testemail.com,001-149-525-4147x72193,"Ellis, Smith and Johnson",Analytical chemist
Virginia Perez,VirginiaPerez@testemail.com,799.649.4849,Perkins-Watkins,Logistics and distribution manager
James Hooper,JamesHooper@testemail.com,3566346529,"Raymond, Terry and Warner","Teacher, adult education"
Ronnie Robinson,RonnieRobinson@testemail.com,963.467.9419,Myers-Dawson,"Engineer, maintenance"
Kevin Schmidt,KevinSchmidt@testemail.com,085.983.3578x6785,Potter LLC,Systems developer
Daniel Pennington,DanielPennington@testemail.com,001-502-169-6213,Berg Ltd,Homeopath
Ryan Wang,RyanWang@testemail.com,851.318.8857x61409,"Bowen, Williams and Howard",Armed forces logistics/support/administrative officer
Renee Tucker,ReneeTucker@testemail.com,(462)129-4958x21388,Neal LLC,Race relations officer
Shannon Potts,ShannonPotts@testemail.com,001-179-585-6949,Hardy and Sons,Barrister's clerk
Annette Carter,AnnetteCarter@testemail.com,(984)152-9747,Kelly Inc,Community pharmacist
Samantha Wilson,SamanthaWilson@testemail.com,681-052-9430x78382,Nunez and Sons,Visual merchandiser
Diane Owens,DianeOwens@testemail.com,7659725221,Smith PLC,Insurance risk surveyor
Megan Lopez,MeganLopez@testemail.com,+1-144-840-2620x2627,Nelson and Sons,"Therapist, speech and language"
Caroline Garcia,CarolineGarcia@testemail.com,001-263-772-6969x98339,"Bass, Ortiz and Fitzpatrick",Theatre manager
Eric Martinez,EricMartinez@testemail.com,(395)658-2547x648,"Bowen, Williams and Howard",Environmental education officer
Danielle Craig,DanielleCraig@testemail.com,3212697147,Clark Inc,Advertising art director
William Moon,WilliamMoon@testemail.com,505.426.2694x381,"Boyd, Alexander and Walker","Administrator, sports"
Nicolas Fernandez PhD,NicolasFernandezPhD@testemail.com,001-344-708-5078x5827,Lopez-Kirby,Jewellery designer
Sydney Jones,SydneyJones@testemail.com,-8225,Martinez PLC,"Psychologist, prison and probation services"
Morgan Horn,MorganHorn@testemail.com,566.719.8871x260,Montgomery-Cox,Biomedical engineer
Cynthia Escobar,CynthiaEscobar@testemail.com,979.591.3005,Rogers PLC,Armed forces logistics/support/administrative officer
Robert Phillips,RobertPhillips@testemail.com,8025813987,Nelson and Sons,Sub
David Thomas,DavidThomas@testemail.com,534-819-7913,Hunt-Reed,Estate manager/land agent
David Hines,DavidHines@testemail.com,856-664-6020x459,Henderson-Silva,"Geologist, wellsite"
Jessica Butler,JessicaButler@testemail.com,(775)593-4796,Montgomery-Cox,Telecommunications researcher
Casey Ortiz,CaseyOrtiz@testemail.com,754.547.7144x85013,Martinez PLC,Contractor
Kristina Vasquez,KristinaVasquez@testemail.com,382.498.5794x052,Whitehead-Bell,Private music teacher
Veronica Ward,VeronicaWard@testemail.com,+1-761-053-2077x727,Manning Inc,Records manager
Jennifer Malone,JenniferMalone@testemail.com,272-579-5341,Flores-Reese,Homeopath
Alexandra Hardy,AlexandraHardy@testemail.com,4965304761,Preston Group,Fine artist
Ellen Holden DDS,EllenHoldenDDS@testemail.com,343-454-1420x735,Warren Ltd,Drilling engineer
Susan Martinez,SusanMartinez@testemail.com,463-220-4840,Hardy and Sons,"Engineer, maintenance"
Christine Marks,ChristineMarks@testemail.com,781.206.0276x6587,Torres Ltd,English as a second language teacher
Felicia Harris,FeliciaHarris@testemail.com,6766461295,Walker-Stephens,Animal nutritionist
Ryan Arnold,RyanArnold@testemail.com,001-244-706-9146x52649,Clark Inc,Sports therapist
Christopher Ferguson,ChristopherFerguson@testemail.com,295-936-7950,Fox-Bradley,Oncologist
Mary Rivera,MaryRivera@testemail.com,342-428-3188,Glover-Rivera,Warehouse manager
April Cole,AprilCole@testemail.com,797-191-1981,"Watkins, Sanders and Barry",Housing manager/officer
Ernest Johnson,ErnestJohnson@testemail.com,533.202.1652x15170,King and Sons,"Surveyor, mining"
Briana Chen,BrianaChen@testemail.com,+1-823-731-9994x4332,"Watkins, Sanders and Barry",Meteorologist
Sandra Dorsey,SandraDorsey@testemail.com,474.423.3797,Gross-Kennedy,Music therapist
Stephanie Johnson MD,StephanieJohnsonMD@testemail.com,+1-703-153-0460x963,Walker-Stephens,"Nurse, adult"
Nicholas Massey,NicholasMassey@testemail.com,378.797.2371x899,Myers-Dawson,"Sales professional, IT"
Steven Mccarty,StevenMccarty@testemail.com,(842)417-5154x928,"Wagner, Bailey and Guzman",Drilling engineer
Pamela Shields,PamelaShields@testemail.com,(215)021-7170,Ramos-Montgomery,"Scientist, research (life sciences)"
Diane Thomas,DianeThomas@testemail.com,955.893.4880,Galvan PLC,Osteopath
Daniel Martin,DanielMartin@testemail.com,171-061-1478,Morse Group,"Sound technician, broadcasting/film/video"
Janet Moore,JanetMoore@testemail.com,378.636.9585x33280,Adams LLC,"Surveyor, land/geomatics"
Denise Hobbs,DeniseHobbs@testemail.com,323-050-2966,"Ellis, Smith and Johnson",Freight forwarder
Ronald Brooks,RonaldBrooks@testemail.com,+1-756-902-3170x89938,Wiley Group,Chief Marketing Officer
Christopher Martin,ChristopherMartin@testemail.com,462.251.5502x710,Montes-Barnes,"Engineer, petroleum"
Darren Howell,DarrenHowell@testemail.com,(372)542-0855,Warren Ltd,Civil Service administrator
Brian Byrd,BrianByrd@testemail.com,364.456.3300,Ortiz-Pham,Broadcast engineer
Francis Figueroa,FrancisFigueroa@testemail.com,(685)452-8972x7788,"Wagner, Bailey and Guzman",Heritage manager
Adriana Parker,AdrianaParker@testemail.com,464.280.2045x719,Galvan PLC,Editorial assistant
John Patterson,JohnPatterson@testemail.com,627.057.1743x7111,Hammond Inc,Stage manager
Alan Sullivan,AlanSullivan@testemail.com,687.412.1717,Young-Garcia,Publishing rights manager
Jeanette Lopez,JeanetteLopez@testemail.com,323-811-9519,Montgomery-Brady,Charity fundraiser
Ashley Jackson,AshleyJackson@testemail.com,638.294.7546,Martinez PLC,"Editor, magazine features"
Robert Smith,RobertSmith@testemail.com,235-086-1101x56008,"Bowen, Williams and Howard",Exercise physiologist
Eric Jones,EricJones@testemail.com,3613648568,Preston Group,Government social research officer
Benjamin Shields,BenjaminShields@testemail.com,(216)995-6461x54017,Martinez PLC,Seismic interpreter
Michelle Roberts,MichelleRoberts@testemail.com,501.002.1968,Hammond Inc,Art gallery manager
Christopher Harris,ChristopherHarris@testemail.com,573.887.6041x8713,Torres Ltd,Mudlogger
Paul Valdez,PaulValdez@testemail.com,001-660-074-8365x733,"Jones, Adkins and Robinson","Lecturer, higher education"
Jacob Lucas,JacobLucas@testemail.com,860.681.4978,Torres Ltd,"Surveyor, hydrographic"
Jacob Clay MD,JacobClayMD@testemail.com,1233101689,Rogers PLC,"Horticulturist, commercial"
Kimberly Vaughn,KimberlyVaughn@testemail.com,447-990-2916,"Powell, Mcmahon and Shaffer",Broadcast engineer
Matthew Green,MatthewGreen@testemail.com,(487)085-1727x3796,Manning Inc,"Engineer, petroleum"
Brianna Stewart,BriannaStewart@testemail.com,564-016-4203,Morse Group,Estate agent
Frank Carroll,FrankCarroll@testemail.com,787-438-8529,Hernandez-Woods,"Engineer, technical sales"
Suzanne Bell,SuzanneBell@testemail.com,(169)051-3035x6742,"Cooper, Chan and Banks",Legal executive
Kimberly Sims,KimberlySims@testemail.com,398.920.7773,Hernandez-Woods,Automotive engineer
Vernon Hill,VernonHill@testemail.com,065.127.4339,"Ellis, Smith and Johnson",Secondary school teacher
Kayla Hunter,KaylaHunter@testemail.com,001-828-454-1659x2705,Myers-Dawson,Volunteer coordinator
Jeffrey Roberts,JeffreyRoberts@testemail.com,(230)389-9695x8604,Rogers PLC,Colour technologist
Nicholas Clarke,NicholasClarke@testemail.com,(873)387-6394,"Baker, Mcdaniel and Cruz",Teaching laboratory technician
Dr. Crystal Ashley MD,Dr.CrystalAshleyMD@testemail.com,218.702.2435x24899,Ortiz-Pham,Research scientist (maths)
Douglas Lynch,DouglasLynch@testemail.com,-2396,Berg Ltd,Trading standards officer
Kathryn Shepard,KathrynShepard@testemail.com,848-521-6685x9209,Morse Group,Sports coach
Alison Riddle,AlisonRiddle@testemail.com,864-302-0879,Olson-Sanders,Public relations account executive
Pamela Pittman,PamelaPittman@testemail.com,001-027-990-7701x92973,"Powell, Mcmahon and Shaffer",Product designer
Matthew Flores,MatthewFlores@testemail.com,000-888-9831,"Moore, Johnson and Sanchez",Automotive engineer
Melissa Dillon,MelissaDillon@testemail.com,799.924.3874x722,Clark Inc,Furniture designer
Jose Vasquez,JoseVasquez@testemail.com,-3010,Brown-Hawkins,"Designer, multimedia"
Brian Hanson,BrianHanson@testemail.com,+1-333-353-4118x346,Nelson and Sons,Theatre stage manager
Tara Rush,TaraRush@testemail.com,-9666,Warren Ltd,Health promotion specialist
Rachel Mccarthy,RachelMccarthy@testemail.com,001-724-140-1452x8678,"Barnes, Whitehead and Gray",Media planner
Erika Newton,ErikaNewton@testemail.com,853.663.4920x917,"Jones, Riddle and Stark",Volunteer coordinator
Andrew Winters,AndrewWinters@testemail.com,001-856-386-6246,Wiley Group,Data scientist
Sara Anderson,SaraAnderson@testemail.com,077.309.0131x35202,Nunez and Sons,Adult guidance worker
William Martin,WilliamMartin@testemail.com,001-433-399-1871,"Watkins, Sanders and Barry",Careers information officer
Duane Hunt,DuaneHunt@testemail.com,(822)708-5317x427,"Jones, Riddle and Stark",Sales promotion account executive
Mark Giles,MarkGiles@testemail.com,007.916.2084x468,Martinez PLC,Pathologist
Barbara Patterson,BarbaraPatterson@testemail.com,001-905-112-5826x9546,Morse Group,Fast food restaurant manager
Gina Smith,GinaSmith@testemail.com,(453)322-8790x036,"Jones, Adkins and Robinson",Health visitor
James Keller,JamesKeller@testemail.com,+1-523-795-3275x90944,Ortiz-Pham,Dietitian
Carly Sullivan,CarlySullivan@testemail.com,576.723.9254,Clark Inc,Ergonomist
Lucas Bautista,LucasBautista@testemail.com,3696263110,Saunders-Nichols,"Sound technician, broadcasting/film/video"
Laura Hays,LauraHays@testemail.com,3851614482,Potter LLC,Advertising account executive
Kathryn Martin,KathrynMartin@testemail.com,001-598-848-0822,"Jones, Quinn and Gonzalez","Biochemist, clinical"
Joseph Frost,JosephFrost@testemail.com,-6352,Nunez and Sons,"Teacher, special educational needs"
Rebecca Burton,RebeccaBurton@testemail.com,998.613.2272x9826,Rogers PLC,Petroleum engineer
David Davis,DavidDavis@testemail.com,(760)232-2534,Martinez PLC,Information officer
Mark Smith,MarkSmith@testemail.com,669.529.3267x769,"Cooper, Chan and Banks","Teacher, secondary school"
Edward Gilmore,EdwardGilmore@testemail.com,628.025.5426x8367,"Watkins, Sanders and Barry",Mining engineer
Zachary Horton,ZacharyHorton@testemail.com,(022)390-7521,Glover-Rivera,Clothing/textile technologist
John Snow,JohnSnow@testemail.com,001-594-675-8437x1957,Fisher-Stevenson,"Research officer, trade union"
Chris Gross,ChrisGross@testemail.com,355-827-3394x425,Torres Ltd,Geoscientist
Keith Conner,KeithConner@testemail.com,-2229,Nelson and Sons,Web designer
Jason Craig,JasonCraig@testemail.com,247-686-9496x9370,"Bell, Dean and Oneill",Quarry manager
Manuel Graham,ManuelGraham@testemail.com,9879009944,Campos Group,Teaching laboratory technician
Cindy Mitchell,CindyMitchell@testemail.com,140.483.1767x26208,"Brown, Woodward and Sexton",Herbalist
Terry Baker,TerryBaker@testemail.com,288-164-6925,Young-Garcia,Television floor manager
Joseph Bishop,JosephBishop@testemail.com,8041992854,Fisher-Stevenson,Energy manager
Mark Warren,MarkWarren@testemail.com,4303860508,Gross-Kennedy,Armed forces operational officer
Brianna Moore,BriannaMoore@testemail.com,578.046.4113,"Johnson, Jones and Shah",Air cabin crew
Joseph Patterson,JosephPatterson@testemail.com,001-942-629-8078x7365,Potter LLC,"Buyer, industrial"
Daniel Ellis,DanielEllis@testemail.com,918-603-9097,Medina-Davis,Counsellor
Emily Brown,EmilyBrown@testemail.com,001-523-084-2138x704,Harris-Chapman,"Sound technician, broadcasting/film/video"
Rachael Jackson,RachaelJackson@testemail.com,(244)103-3014,Martinez PLC,"Engineer, aeronautical"
Victor Griffith,VictorGriffith@testemail.com,729.782.2490,Adams LLC,Clinical psychologist
Barbara Stokes,BarbaraStokes@testemail.com,080-352-6419x62063,Williams LLC,"Journalist, broadcasting"
Steven Fox,StevenFox@testemail.com,(176)285-7921x7123,Allen LLC,Animal technologist
Nathan Harding,NathanHarding@testemail.com,260.914.0386x4249,"Jones, Quinn and Gonzalez","Programmer, multimedia"
Jason Ramos,JasonRamos@testemail.com,055-246-8896x50284,Medina-Davis,Financial risk analyst
Scott Wallace,ScottWallace@testemail.com,(524)703-8345,Fox-Bradley,"Librarian, academic"
Amanda Kent,AmandaKent@testemail.com,4939544130,"Baker, Mcdaniel and Cruz","Surveyor, building"
Mrs. Felicia Johnson MD,Mrs.FeliciaJohnsonMD@testemail.com,714.335.8813x0231,"Jones, Quinn and Gonzalez",Metallurgist
Cameron Horn,CameronHorn@testemail.com,665-538-6029x95568,Nelson and Sons,Manufacturing systems engineer
Allison Morgan,AllisonMorgan@testemail.com,(210)752-4807,Young-Garcia,Chartered accountant
Kelly Richardson,KellyRichardson@testemail.com,+1-312-660-8961x2017,"Jones, Riddle and Stark",Advertising account executive
Crystal Beard,CrystalBeard@testemail.com,243.921.0043,"Cooper, Chan and Banks","Engineer, automotive"
Emily Lynch,EmilyLynch@testemail.com,001-206-670-9565x29728,Fernandez-Martin,Patent attorney
James Hardin,JamesHardin@testemail.com,177.443.8087x680,"Jones, Quinn and Gonzalez",Ophthalmologist
Monique Price,MoniquePrice@testemail.com,(428)252-0998x494,"Moore, Johnson and Sanchez","Surveyor, insurance"
Steven Gates,StevenGates@testemail.com,232.963.7328,Young-Garcia,Biomedical engineer
Anthony Li,AnthonyLi@testemail.com,001-745-395-7015x6303,Warren Ltd,Facilities manager
Aimee Taylor,AimeeTaylor@testemail.com,116-971-8849,Cervantes,Operational researcher
James Thompson,JamesThompson@testemail.com,3697115189,Cooper-West,Occupational hygienist
Alison Freeman,AlisonFreeman@testemail.com,001-602-700-6770x3009,Henderson-Silva,Scientific laboratory technician
Katelyn Small,KatelynSmall@testemail.com,(778)092-3445,Fernandez-Martin,Commercial art gallery manager
Joseph Vaughn,JosephVaughn@testemail.com,(555)886-9040,Fisher-Stevenson,"Engineer, biomedical"
Michael Ballard,MichaelBallard@testemail.com,188-890-2748x057,BeanInc,"Surveyor, minerals"
Christopher Wheeler,ChristopherWheeler@testemail.com,498-894-5543x96438,Fernandez-Martin,Art gallery manager
Susan Snyder,SusanSnyder@testemail.com,351-198-6609x2584,"Jones, Quinn and Gonzalez","Programmer, applications"
Sara Wells PhD,SaraWellsPhD@testemail.com,943-063-0224x719,Brown-Hawkins,"Engineer, site"
Andrew Stewart,AndrewStewart@testemail.com,+1-325-461-0834x5300,Martinez PLC,"Accountant, chartered public finance"
Cynthia Garrett,CynthiaGarrett@testemail.com,133-179-4208x750,Durham Inc,"Surveyor, commercial/residential"
Michelle Phillips,MichellePhillips@testemail.com,731-567-6074,Hunt-Reed,"Psychologist, sport and exercise"
Jordan Mcbride,JordanMcbride@testemail.com,951.746.8235x4192,"Baker, Mcdaniel and Cruz",Diagnostic radiographer
Jennifer Mason,JenniferMason@testemail.com,-859,"Raymond, Terry and Warner",Psychiatric nurse
Jason Jackson,JasonJackson@testemail.com,175.107.0546x915,Martinez PLC,Art therapist
Erin Osborne,ErinOsborne@testemail.com,001-691-243-4784,Allen LLC,Insurance underwriter
Amy Yu,AmyYu@testemail.com,+1-138-188-1517x1967,Martinez PLC,Economist
Bethany Mcdaniel,BethanyMcdaniel@testemail.com,607.189.3082,Warren Ltd,Legal secretary
Gary Anderson,GaryAnderson@testemail.com,001-114-237-8857x763,Brown-Hawkins,Multimedia programmer
Megan Hudson,MeganHudson@testemail.com,(667)320-4764x296,Medina-Davis,Health visitor
Kelsey Lopez,KelseyLopez@testemail.com,(834)648-9025x5304,Martin-Gates,Energy manager
Samantha Hansen,SamanthaHansen@testemail.com,(453)418-8760x69742,Lopez-Kirby,Broadcast journalist
Charles Paul,CharlesPaul@testemail.com,001-846-775-2574x313,Morse Group,Field trials officer
Rebecca Braun,RebeccaBraun@testemail.com,954-710-7684,Gross-Kennedy,Chief Technology Officer
Courtney Nunez,CourtneyNunez@testemail.com,+1-128-694-1477x4703,"Jones, Adkins and Robinson",Forensic scientist
Christopher Pugh,ChristopherPugh@testemail.com,368-761-6844x870,Lopez-Kirby,Charity officer
Tanya Sanchez,TanyaSanchez@testemail.com,550.756.8582x7926,Fisher-Stevenson,Retail merchandiser
Angela Blair,AngelaBlair@testemail.com,+1-624-821-4940x4059,"Cooper, Chan and Banks","Radiographer, diagnostic"
Michael Lozano,MichaelLozano@testemail.com,001-625-833-1308x51753,Williams LLC,Historic buildings inspector/conservation officer
Peggy Ortiz,PeggyOrtiz@testemail.com,657.069.9946,Potter LLC,Glass blower/designer
Rebecca Stevens,RebeccaStevens@testemail.com,(114)376-8910x88522,Olson-Sanders,"Conservator, furniture"
Joseph Bryan,JosephBryan@testemail.com,125.753.5845x99558,Adams LLC,Ceramics designer
Hannah Booker,HannahBooker@testemail.com,001-806-484-9940x0311,Clark Inc,Animal nutritionist
Scott Hernandez,ScottHernandez@testemail.com,-2332,Hernandez-Woods,Chemical engineer
Jose Snyder,JoseSnyder@testemail.com,(030)625-1690x9869,Rogers PLC,"Scientist, biomedical"
David Williamson,DavidWilliamson@testemail.com,909-741-7257x0999,Harris-Becker,Proofreader
Donald Ramirez,DonaldRamirez@testemail.com,808-721-0263,"Sawyer, Powers and Parrish",Higher education careers adviser
Brandon Trevino,BrandonTrevino@testemail.com,756-599-5003,Olson-Sanders,"Surveyor, insurance"
Mark Hernandez,MarkHernandez@testemail.com,-10337,Fernandez-Martin,"Engineer, building services"
Mr. Michael Williams,Mr.MichaelWilliams@testemail.com,(481)656-4700,Martinez PLC,Archivist
Kimberly Booker,KimberlyBooker@testemail.com,+1-280-255-0065x25220,Montgomery-Cox,"Psychologist, educational"
Jacqueline Smith,JacquelineSmith@testemail.com,572.945.6909,"Bass, Ortiz and Fitzpatrick",Community development worker
Samantha Garcia,SamanthaGarcia@testemail.com,605-245-5783,"Russo, Moran and Hoffman","Optician, dispensing"
Stephen Smith,StephenSmith@testemail.com,(381)470-5654x616,"Jones, Adkins and Robinson",Medical laboratory scientific officer
Dr. Amy Moore,Dr.AmyMoore@testemail.com,001-292-258-8792x890,Rogers PLC,"Therapist, occupational"
Mrs. Melanie Brown,Mrs.MelanieBrown@testemail.com,(864)449-2315,Durham Inc,Systems developer
Tina Galvan,TinaGalvan@testemail.com,(551)445-3844,Montgomery-Cox,"Therapist, occupational"
Paula Dickerson,PaulaDickerson@testemail.com,814.385.4810,"Lynch, Harris and Cook",Restaurant manager
Kathleen Snyder,KathleenSnyder@testemail.com,001-204-116-0443x173,Torres Ltd,"Education officer, environmental"
Debra Collins,DebraCollins@testemail.com,(924)991-3123,Jackson Ltd,"Engineer, manufacturing"
Carl Hall,CarlHall@testemail.com,001-056-035-1291,Martinez PLC,Trading standards officer
James Cox,JamesCox@testemail.com,363-470-8214,"Powell, Mcmahon and Shaffer",Call centre manager
Mr. Collin Robinson Jr.,Mr.CollinRobinsonJr.@testemail.com,156.216.4624x740,Ramos-Montgomery,Catering manager
David Mcbride,DavidMcbride@testemail.com,537-726-9380x7220,"Jones, Riddle and Stark",Copy
Emily Cooper,EmilyCooper@testemail.com,+1-863-518-5964x867,"Barnes, Whitehead and Gray",Hotel manager
Mallory Ross,MalloryRoss@testemail.com,001-274-371-2622x350,Torres Ltd,Chief Strategy Officer
Lucas Butler,LucasButler@testemail.com,235-233-9380x65922,"Boyd, Alexander and Walker",Restaurant manager
Tiffany Navarro,TiffanyNavarro@testemail.com,-11284,Rogers PLC,Chief of Staff
Heather Harrell,HeatherHarrell@testemail.com,(897)677-3853x8157,Martinez PLC,Commercial horticulturist
Nancy Anderson,NancyAnderson@testemail.com,(892)295-5388x2349,Guerra-Garcia,Broadcast engineer
Daniel Cannon,DanielCannon@testemail.com,+1-481-638-1729x8662,Morse Group,"Pharmacist, hospital"
Todd Lewis,ToddLewis@testemail.com,363-768-7817,"Cooper, Chan and Banks",Hydrologist
Sabrina Delgado,SabrinaDelgado@testemail.com,804.267.8976x8359,"Jones, Adkins and Robinson",Futures trader
Shawn Webb,ShawnWebb@testemail.com,-5652,Glover-Rivera,Museum education officer
Jacob Barnes,JacobBarnes@testemail.com,001-317-246-2678x85388,"Watkins, Sanders and Barry",Astronomer
Terry Harris,TerryHarris@testemail.com,558.843.9154x402,"Bass, Ortiz and Fitzpatrick","Teacher, music"
Gary Mullins,GaryMullins@testemail.com,989.133.8738x6524,Kelly Inc,"Education officer, environmental"
Janice Beck,JaniceBeck@testemail.com,295.704.8870x97750,Campos Group,Race relations officer
Bryan Nelson,BryanNelson@testemail.com,+1-304-963-5303x087,Harris-Chapman,"Scientist, physiological"
Amber Castro,AmberCastro@testemail.com,124.331.2093x393,Montes-Barnes,"Therapist, horticultural"
John Lee,JohnLee@testemail.com,(291)192-9332x25475,"Powell, Mcmahon and Shaffer",Clinical psychologist
Ashley Gregory,AshleyGregory@testemail.com,834.149.2423,"Bass, Ortiz and Fitzpatrick",Dancer
Brian Mitchell,BrianMitchell@testemail.com,537.527.2549,Harris-Becker,"Designer, textile"
James Cox,JamesCox@testemail.com,363-470-8214,"Powell, Mcmahon and Shaffer",Call centre manager
Jennifer Michael,JenniferMichael@testemail.com,653.258.3597x1403,Weiss-Ortiz,Web designer
Samantha Weiss,SamanthaWeiss@testemail.com,332-253-2915x33882,"Jones, Adkins and Robinson",Call centre manager
Amber Vargas,AmberVargas@testemail.com,665-837-4039,"Bass, Ortiz and Fitzpatrick","Engineer, automotive"
Crystal Jones,CrystalJones@testemail.com,407-896-1359x541,"Johnson, Jones and Shah",Financial trader
Lauren Vasquez,LaurenVasquez@testemail.com,001-703-922-6994x99436,Nelson and Sons,Television/film/video producer
Amanda Mcguire,AmandaMcguire@testemail.com,464-423-7789x250,"Raymond, Terry and Warner",Architect
Michael Smith,MichaelSmith@testemail.com,001-453-751-1546x5431,Williams LLC,"Engineer, broadcasting (operations)"
James Davis,JamesDavis@testemail.com,+1-750-481-5225x502,Manning Inc,Hydrographic surveyor
Connie Neal,ConnieNeal@testemail.com,623.599.6635,Rogers PLC,Learning mentor
Kathryn Jones,KathrynJones@testemail.com,(228)919-1001,Cooper-West,Counselling psychologist
Kimberly Perry,KimberlyPerry@testemail.com,+1-756-414-2033x539,Rogers PLC,"Runner, broadcasting/film/video"
Kimberly Perez,KimberlyPerez@testemail.com,(964)050-2758,"Jones, Riddle and Stark","Surveyor, planning and development"
Samantha Jordan,SamanthaJordan@testemail.com,561.745.8359,"Bell, Dean and Oneill",Higher education lecturer
Albert Perez,AlbertPerez@testemail.com,+1-364-273-7830x50007,Martinez PLC,"Investment banker, corporate"
Christopher Alvarez,ChristopherAlvarez@testemail.com,0616374435,"Moore, Warren and Morris",Printmaker
Kenneth Wallace,KennethWallace@testemail.com,002.413.9387x61662,Ortiz-Pham,Metallurgist
Chloe Jackson,ChloeJackson@testemail.com,7408661500,"Powell, Mcmahon and Shaffer",Financial risk analyst
James May,JamesMay@testemail.com,570-502-7558x5616,Adams LLC,Primary school teacher
Christina Carrillo,ChristinaCarrillo@testemail.com,(589)253-7301,Gross-Kennedy,Music therapist
Alexander Hernandez,AlexanderHernandez@testemail.com,026.563.6739x5064,Montes-Barnes,"Merchandiser, retail"
Emily Nixon,EmilyNixon@testemail.com,+1-314-107-9506x035,Potter LLC,Social worker
Matthew Davis Jr.,MatthewDavisJr.@testemail.com,831.914.1789x4745,King and Sons,Land
Cynthia Garrett,CynthiaGarrett@testemail.com,133-179-4208x750,Durham Inc,"Surveyor, commercial/residential"
Jared Woods,JaredWoods@testemail.com,(605)600-2973x6712,Rogers PLC,Intelligence analyst
Sheila Gallagher,SheilaGallagher@testemail.com,001-073-123-3994x47861,Adams LLC,Osteopath
Jennifer Johnston,JenniferJohnston@testemail.com,608.741.1185x630,Whitehead-Bell,Financial manager
Anthony Simon,AnthonySimon@testemail.com,623-425-7785x47684,Fox-Bradley,Primary school teacher
Stephen Miller,StephenMiller@testemail.com,(024)021-0609,Smith PLC,Social researcher
Jerry Ward,JerryWard@testemail.com,001-864-646-6419x086,Medina-Davis,Community development worker
Sarah Cooper,SarahCooper@testemail.com,739.900.1666,Nelson and Sons,Publishing rights manager
Jacob Walter,JacobWalter@testemail.com,(757)651-7054x245,Fisher-Stevenson,Chief Financial Officer
David Robinson,DavidRobinson@testemail.com,746-939-5903x62327,Warren Ltd,Public librarian
Melissa Young,MelissaYoung@testemail.com,-9941,Smith PLC,Civil Service fast streamer
James Brooks,JamesBrooks@testemail.com,001-641-382-7293x8110,Nunez and Sons,Contractor
Connie Moore MD,ConnieMooreMD@testemail.com,877.531.6706,Warren Ltd,"Merchandiser, retail"
Daniel Shepherd,DanielShepherd@testemail.com,131-989-1659x0507,Johnson PLC,Animal technologist
Nicole Barber,NicoleBarber@testemail.com,7768356004,Nelson and Sons,Electrical engineer
Mallory Palmer,MalloryPalmer@testemail.com,(234)542-1680x0019,Rogers PLC,Hospital pharmacist
Jessica White,JessicaWhite@testemail.com,530-874-9178,Harris-Chapman,Retail merchandiser
Heather Mcdowell,HeatherMcdowell@testemail.com,(462)369-0145x9747,Cooper-West,Music tutor
Martin Owens,MartinOwens@testemail.com,001-585-175-7338x2356,Adams LLC,Contracting civil engineer
Jennifer Melton,JenniferMelton@testemail.com,963.172.9501x59284,Olson-Sanders,Petroleum engineer
Andrew Bradley,AndrewBradley@testemail.com,893-133-9379x58533,Rogers PLC,Veterinary surgeon
Wesley Wells,WesleyWells@testemail.com,397.440.5264,Fox-Bradley,"Librarian, academic"
David Perry,DavidPerry@testemail.com,(361)236-3017x00364,Gross-Kennedy,"Engineer, chemical"
Jacob Grant,JacobGrant@testemail.com,(000)184-5402,Young-Garcia,"Psychologist, clinical"
William Reynolds,WilliamReynolds@testemail.com,(345)080-7660x704,"Russo, Moran and Hoffman","Psychologist, clinical"
Michael Williams,MichaelWilliams@testemail.com,001-341-103-4656x3600,Weiss-Ortiz,"Accountant, chartered"
Dr. Paul Torres,Dr.PaulTorres@testemail.com,371-323-7493,"Powell, Mcmahon and Shaffer","Lecturer, further education"
Jennifer Hanna,JenniferHanna@testemail.com,(444)028-7658x240,Brown-Hawkins,"Sound technician, broadcasting/film/video"
Garrett Mayo,GarrettMayo@testemail.com,001-573-797-7928x721,Young-Garcia,Corporate investment banker
Daniel Contreras,DanielContreras@testemail.com,523-971-6431,Whitehead-Bell,Technical sales engineer
Sharon Johnson,SharonJohnson@testemail.com,651-789-8844x92847,Jackson Ltd,"Education officer, environmental"
Virginia Wright,VirginiaWright@testemail.com,(158)780-6410x5246,Glover-Rivera,"Nurse, mental health"
Tyler Boyd,TylerBoyd@testemail.com,9275583336,Cervantes Inc,"Teacher, early years/pre"
Jonathan Wilson,JonathanWilson@testemail.com,5454577614,Martinez PLC,Environmental health practitioner
Anthony Shaffer,AnthonyShaffer@testemail.com,+1-261-239-3306x151,"Jones, Adkins and Robinson",Occupational hygienist
Jacob Howard,JacobHoward@testemail.com,+1-433-659-1813x80362,Martinez PLC,Risk manager
Isaac Bowman,IsaacBowman@testemail.com,+1-532-506-1188x559,Montes-Barnes,"Surveyor, building control"
Sarah Downs,SarahDowns@testemail.com,985-336-2055,Torres Ltd,"Embryologist, clinical"
Gloria Faulkner,GloriaFaulkner@testemail.com,745.512.6438x05863,"Powell, Mcmahon and Shaffer",Fitness centre manager
Amber Willis,AmberWillis@testemail.com,601.135.9333x1714,"Brown, Woodward and Sexton",Intelligence analyst
Christina Gonzalez,ChristinaGonzalez@testemail.com,(926)287-9245,"Jones, Quinn and Gonzalez","Engineer, electronics"
Sarah Downs,SarahDowns@testemail.com,985-336-2055,Montes-Barnes,"Embryologist, clinical"
Mr. Christopher Brown,Mr.ChristopherBrown@testemail.com,001-251-072-0588x46642,"Jones, Riddle and Stark",Air cabin crew
Ryan Jenkins,RyanJenkins@testemail.com,435.020.6591x45818,Martinez PLC,Chartered public finance accountant
Dean Robinson,DeanRobinson@testemail.com,(498)874-6103x12028,Torres Ltd,"Teacher, primary school"
William Carlson,WilliamCarlson@testemail.com,(156)436-8304,Allen LLC,Geoscientist
Felicia Adams,FeliciaAdams@testemail.com,001-464-130-0762x556,Duarte-Patterson,Illustrator
Billy Mendez,BillyMendez@testemail.com,1400895317,"Watkins, Sanders and Barry",Secondary school teacher
Blake Buck,BlakeBuck@testemail.com,865.542.5338,"Miller, Hoover and Erickson",Metallurgist
Alexis Shelton,AlexisShelton@testemail.com,+1-234-195-4011x44279,Durham Inc,Furniture designer
John Pratt,JohnPratt@testemail.com,+1-920-830-2776x561,Smith PLC,Civil Service fast streamer
Edward Hardy,EdwardHardy@testemail.com,574.628.2945,Harris-Becker,Secondary school teacher
Hunter Hardin,HunterHardin@testemail.com,(447)769-3686x75452,Campos Group,"Teacher, secondary school"
Travis Klein,TravisKlein@testemail.com,723-871-0381x5389,Duarte-Patterson,Cabin crew
Robert Haas,RobertHaas@testemail.com,-3204,Ramos-Montgomery,Tax inspector
Lisa Campbell,LisaCampbell@testemail.com,6777344302,"Jones, Riddle and Stark",Health physicist
Patrick Allen,PatrickAllen@testemail.com,001-420-775-7575,Martinez PLC,IT consultant
Donna Williams,DonnaWilliams@testemail.com,-6767,Smith PLC,Psychiatrist
Tonya Rivas,TonyaRivas@testemail.com,001-666-746-9596,Walker-Stephens,Aeronautical engineer
Aaron Perkins,AaronPerkins@testemail.com,-6021,Gross-Kennedy,Chiropractor
Melissa Young,MelissaYoung@testemail.com,-9941,Durham Inc,Civil Service fast streamer
Margaret Phillips,MargaretPhillips@testemail.com,6025488150,Clark Inc,Television camera operator
Taylor Rogers,TaylorRogers@testemail.com,361.872.4205,"Jones, Adkins and Robinson",Therapeutic radiographer
Madison Austin,MadisonAustin@testemail.com,-10732,"Sawyer, Powers and Parrish","Surveyor, building control"
Luis Bailey,LuisBailey@testemail.com,(340)592-8611x32556,"Cooper, Chan and Banks",Petroleum engineer
Dean Richard,DeanRichard@testemail.com,+1-608-139-7400x8208,"Garcia, Lee and Williams",Sports development officer
Jeffery Jones,JefferyJones@testemail.com,+1-229-518-7262x564,Warren Ltd,Film/video editor
Ashley Johnson,AshleyJohnson@testemail.com,273.080.2892x213,"Russo, Moran and Hoffman","Producer, radio"
Lori Sullivan,LoriSullivan@testemail.com,491-370-5689x385,Perkins-Watkins,Colour technologist
Robert Hogan,RobertHogan@testemail.com,+1-929-849-1520x64058,"Raymond, Terry and Warner","Designer, jewellery"